{"cameraMode":{"drawMode":0,"name":"Shaded","section":"Shading Mode"},"sceneLighting":true,"audioPlay":false,"sceneViewState":{"m_AlwaysRefresh":false,"showFog":false,"showSkybox":true,"showFlares":true,"showImageEffects":true,"showParticleSystems":true,"showVisualEffectGraphs":true,"m_FxEnabled":true},"in2DMode":false,"pivot":{"x":-0.27190303802490237,"y":2.150409698486328,"z":0.8526163101196289},"rotation":{"x":-0.21608176827430726,"y":0.009370032697916031,"z":-0.0020739976316690447,"w":-0.9763306379318237},"size":7.578491687774658,"orthographic":false}